Activity,Individuals,Frequency
A0,P173/P156/P88/P250,1
A1,P11/P24/P357/P238/P88/P156,1
A2,P11/P24/P80/P357/P320/P88/P173/P156,1
A3,P42/P250/P357/P238/P336/P88,1
A4,P80/P143/P250/P357/P238/P88,1
A5,P340/P233/P160/P227/P33/P177/P107/P286,12
A6,P227/P152/P380/P107/P151/P127/P274,4
A7,P234/P160/P227/P33/P191/P316/P211/P107,1
A8,P234/P160/P227/P33/P191/P380/P316/P151/P211/P107/P152/P127/P274,1
A9,P227/P152/P380/P194/P323/P107/P151/P127/P274,1
A10,P343/P351/P323/P257/P291,1
A11,P291/P323/P114/P343,4
A12,P343/P351/P323/P257/P291/P36,1
A13,P127/P343/P194/P323/P203/P403/P291/P114,1
A14,P11/P357/P343/P282/P291/P114,1
A15,P297/P101/P143/P124/P241/P78/P343/P109/P351/P397/P291/P278,1
A16,P11/P360/P357/P78/P343/P169/P282/P291/P114/P310,1
A17,P15/P360/P78/P343/P282/P291/P114/P310,4
A18,P15/P360/P291/P114/P310,12
A19,P257/P343/P215,12
A20,P102/P215,1
A21,P124/P257/P215,4
A22,P257/P215/P343,12
A23,P144/P215/P124/P343/P257/P256,12
A24,P257/P215/P9/P343,12
A25,P351/P257/P194,12
A26,P257/P343,12
A27,P168/P215/P255/P343/P257/P36,12
A28,P157/P227/P177/P286/P273,12
A29,P343/P305,12
A30,P215/P322,1
A31,P215/P229,1
A32,P215/P49,1
A33,P332/P71/P215,1
A34,P215/P166,1
A35,P215/P82,1
A36,P76/P215,1
A37,P215/P311,1
A38,P387/P215,1
A39,P334/P257,1
A40,P257/P323,1
A41,P151/P257,4
A42,P257/P185,1
A43,P343/P114,4
A44,P148/P343/P143,4
A45,P174/P343,4
A46,P209/P343,4
A47,P168/P215/P124/P343/P257,4
A48,P215/P255/P227/P343/P425/P267/P257/P36,1
A49,P343/P323,4
A50,P215/P386/P143/P343/P323/P257,4
A51,P194/P143/P254,1
A52,P194/P254,1
A53,P80/P343/P383/P320/P63/P153/P100,1
A54,P257/P343,1
A55,P280/P343/P43/P257,1
A56,P143/P227/P88/P403,1
A57,P144/P215/P254/P343/P194/P323/P257/P273,1
A58,P194/P254,1
A59,P80/P143/P343/P403/P257,1
A60,P80/P95,1
A61,P144/P215/P80/P255/P124/P357/P343/P425/P238/P267/P194/P257/P273/P36,1
A62,P80/P143/P343/P189/P320/P257,1
A63,P343/P194/P95/P215,1
A64,P343/P254,1
A65,P343/P254/P143/P123,1
A66,P11/P24/P181/P25/P357/P227/P343/P351/P323/P299/P403,1
A67,P198/P343/P143/P95,1
A68,P11/P80/P143/P357/P343/P198/P95,1
A69,P144/P215/P254/P343/P194/P323/P174/P257/P273/P94,1
A70,P144/P273,12
A71,P194/P254,1
A72,P11/P24/P168/P215/P254/P166/P357/P343/P238/P268/P194,1
A73,P215/P124/P343/P194/P257,1
A74,P181/P227/P64/P52/P257/P389/P307/P421/P198,1
A75,P168/P166/P227/P357/P238/P307/P181/P64/P389/P421/P403/P24/P52/P194/P11/P215/P254/P124/P343/P177/P268/P257/P198,1
A76,P209/P168/P227/P307/P181/P64/P389/P421/P151/P52/P7/P127/P215/P124/P343/P366/P257/P198/P274,1
A77,P209/P168/P227/P307/P181/P64/P389/P421/P151/P52/P7/P127/P215/P124/P343/P366/P257/P198/P274,1
A78,P181/P227/P64/P52/P389/P307/P421/P198,1
A79,P124/P343/P425/P194/P257/P36,1
A80,P325/P343/P63/P153/P257/P361,1
A81,P257/P343,1
A82,P257/P143,1
A83,P80/P143/P280/P347/P148/P82/P174/P257,1
A84,P215/P255/P227/P124/P343/P425/P194/P403/P257/P36,1
A85,P215/P124/P343/P194/P257/P36,1
A86,P227/P343/P372/P348/P403/P87,4
A87,P255/P166/P227/P357/P134/P340/P22/P353/P148/P60/P403/P425/P114/P95/P24/P143/P43/P189/P194/P273/P36/P11/P80/P124/P343/P267/P286/P257,1
A88,P255/P411/P124/P59/P43/P267/P194/P403/P257,1
A89,P11/P24/P80/P295/P399/P227/P357/P343/P398/P320/P206/P351/P123/P403/P257,1
A90,P377/P80/P391/P143/P343/P261/P148/P41/P291,1
A91,P181/P227/P64/P52/P389/P307/P421/P198,1
A92,P227/P357/P238/P307/P181/P64/P389/P60/P421/P85/P52/P194/P11/P215/P124/P343/P257/P198,1
A93,P11/P317/P215/P168/P80/P357/P343/P259/P257/P146,1
A94,P80/P36/P95,12
A95,P127/P343/P257/P305,45
A96,P127/P343/P305,12
A97,P124/P257/P343/P267,12
A98,P411/P43,12
A99,P257/P343,45
A100,P403/P257/P227,4
A101,P194/P255,12
A102,P215/P255,12
A103,P257/P343,200
A104,P343/P194,45
A105,P168/P166/P254,1
A106,P257/P343/P95,1
A107,P351/P343/P323,1
A108,P144/P215/P124/P343/P257,12
A109,P135/P343,4
A110,P343/P305,4
A111,P166/P227/P174/P153/P340/P237/P320/P403/P143/P129/P259/P169/P273/P11/P80/P150/P124/P343/P351/P257,1
A112,P153/P14/P404,45
A113,P383/P395/P153/P100/P142,45
A114,P325/P383/P113/P428/P34,45
A115,P294/P325/P45,1
A116,P100/P325/P306/P153,1
A117,P153/P325/P14,4
A118,P100/P325/P306/P398/P383/P428/P153/P142,1
A119,P325/P4/P383/P428/P153/P142/P6,12
A120,P1/P325/P0/P153/P251,4
A121,P1/P3/P325/P2/P383/P0/P100,4
A122,P11/P24/P357/P306/P153,1
A123,P100/P153/P383,45
A124,P132/P402/P383/P428/P34/P226/P153/P142,45
A125,P223/P413/P262/P400/P305/P73/P108/P136/P126/P406/P257/P276,1
A126,P257/P73,4
A127,P413/P262/P305/P136/P257/P276,45
A128,P257/P136,1
A129,P351/P67,1
A130,P351/P150,1
A131,P351/P414,12
A132,P297/P264/P192/P351/P339,4
A133,P351/P67,1
A134,P351/P278,1
A135,P351/P46,1
A136,P109/P129/P351/P323/P339,12
A137,P351/P46/P129,1
A138,P351/P129,4
A139,P209/P288/P313/P325/P375/P248/P378/P237/P328/P281/P222/P179/P403/P175/P143/P275/P284/P333/P120/P150/P123,1
A140,P403/P227,12
A141,P25/P170/P18/P227/P403,12
A142,P25/P170/P18/P403,12
A143,P403/P205,12
A144,P403/P227,1
A145,P357/P227/P238/P131/P407/P135/P60/P323/P303/P403/P425/P24/P398/P298/P129/P302/P11/P215/P343/P23/P257,1
A146,P11/P24/P357/P238/P398/P407/P303,1
A147,P351/P323,4
A148,P144/P84/P343/P177/P351/P323/P257/P273,1
A149,P11/P135/P357/P238/P129/P323,1
A150,P351/P129/P323,1
A151,P11/P24/P357/P351/P323,1
A152,P168/P215/P129/P351,1
A153,P167/P227/P177/P157,45
A154,P23/P343/P323,4
A155,P323/P164,1
A156,P351/P323,1
A157,P23/P135/P323/P166,4
A158,P351/P323/P129,12
A159,P144/P168/P215/P129/P351/P323,4
A160,P351/P184,1
A161,P351/P323,12
A162,P351/P257,1
A163,P174/P323,4
A164,P351/P174,1
A165,P323/P123,1
A166,P82/P323/P143,1
A167,P351/P339,4
A168,P143/P319/P263/P84/P343/P323/P174/P315/P257,1
A169,P351/P84,12
A170,P185/P141,12
A171,P351/P323,1
A172,P351/P257/P323,4
A173,P323/P143,4
A174,P80/P323,1
A175,P351/P387,1
A176,P84/P343/P351/P323/P257,12
A177,P84/P343/P320/P351/P323/P257,4
A178,P84/P343/P351/P323/P257/P273,4
A179,P351/P323/P129,4
A180,P351/P323/P129,1
A181,P351/P323/P129,1
A182,P168/P215/P343/P351/P194/P323/P257,4
A183,P351/P391,1
A184,P29/P225/P392/P82,12
A185,P29/P392/P347,12
A186,P386/P398/P261,4
A187,P417/P386/P398,12
A188,P225/P12/P229/P394/P187/P82/P47,1
A189,P47/P187/P12,12
A190,P260/P229/P82/P49,12
A191,P332/P225/P187/P82/P47,1
A192,P229/P236,4
A193,P332/P74/P29/P229/P236/P394/P260/P187/P82,12
A194,P260/P417,1
A195,P332/P74/P260/P71,1
A196,P22/P82,12
A197,P229/P236,1
A198,P229/P236,1
A199,P253/P417/P332/P74/P5/P320/P117/P266/P260/P82/P289,4
A200,P82/P260/P229/P236,12
A201,P74/P332/P49/P229/P236/P202/P394/P82,12
A202,P260/P187/P82,45
A203,P417/P225/P12/P204/P187/P82/P47,45
A204,P253/P74/P134/P229/P266/P137/P260/P368/P235,12
A205,P253/P11/P74/P49/P134/P229/P63/P266/P137/P260/P368/P163/P79/P71/P235,1
A206,P253/P11/P74/P49/P134/P229/P63/P266/P137/P260/P368/P163/P79/P235,4
A207,P260/P74/P71,200
A208,P225/P74/P12/P204/P260/P82/P47/P71,200
A209,P11/P357/P99/P82/P98,12
A210,P236/P82/P143,1
A211,P417/P225/P12/P204/P187/P82/P47,12
A212,P417/P225/P12/P287/P204/P187/P82/P47,12
A213,P417/P225/P12/P204/P187/P82/P47,12
A214,P417/P225/P12/P204/P187/P82/P47,12
A215,P417/P225/P12/P204/P187/P82/P47,12
A216,P417/P225/P12/P204/P187/P82/P47,12
A217,P417/P225/P12/P204/P187/P82/P47,12
A218,P417/P225/P12/P204/P187/P82/P47,12
A219,P225/P187/P82,1
A220,P186/P416/P371/P332/P66/P220/P229/P260/P163/P51/P74/P143/P379/P236/P202/P394/P232/P11/P365/P180,1
A221,P82/P143,45
A222,P82/P62,12
A223,P82/P311,12
A224,P112/P82/P42,4
A225,P80/P143/P280/P236/P148/P260/P82,1
A226,P225/P187/P22/P143,1
A227,P22/P82,12
A228,P332/P225/P29/P260/P82,1
A229,P229/P82,4
A230,P29/P82,12
A231,P41/P386/P82,12
A232,P82/P409,12
A233,P11/P225/P220/P357/P236,1
A234,P74/P332/P49/P229/P236/P202/P311/P43/P394/P260/P82/P412/P261,1
A235,P82/P261/P311,4
A236,P398/P82,1
A237,P343/P348/P403,1
A238,P297/P91/P356/P176/P271/P118/P252/P335/P272/P55/P77/P337/P197/P181/P145/P244/P130/P344/P50/P125/P121/P122/P384/P382/P328/P359/P219/P114/P388/P8/P381/P314/P53/P264/P159/P393/P397/P139/P283/P418/P188/P367/P373/P90/P124/P230/P109/P224/P57/P16,1
A239,P11/P143/P280/P124/P343/P357/P348/P257,1
A240,P80/P143/P280/P124/P343/P259/P257/P146,1
A241,P11/P24/P27/P357/P407/P303,1
A242,P11/P357/P387,1
A243,P11/P24,4
A244,P11/P24/P143/P280/P357/P387/P36/P146,1
A245,P11/P24/P27/P357/P407/P303,1
A246,P11/P24/P27/P357/P407/P303,1
A247,P11/P24/P357/P407/P303,1
A248,P11/P24/P27/P357/P407/P303,1
A249,P11/P24/P357/P407/P303,1
A250,P11/P357/P24/P407,1
A251,P11/P24/P357/P238/P407/P303,1
A252,P11/P24/P80/P112/P143/P280/P357/P148/P36,1
A253,P11/P24/P357/P227/P407/P303/P403,1
A254,P11/P24/P357/P238/P407/P303,1
A255,P11/P24/P357/P238/P303,4
A256,P357/P238/P112/P22/P63/P323/P303/P24/P143/P280/P36/P11/P80/P343,1
A257,P11/P357,1
A258,P11/P357/P238,1
A259,P357/P227/P238/P407/P63/P320/P323/P303/P403/P24/P280/P11/P80,1
A260,P11/P24/P357/P238,1
A261,P11/P24/P147/P10/P19/P238,1
A262,P11/P24/P147/P357/P227/P177/P398/P238/P403/P169,1
A263,P11/P24/P147/P10,1
A264,P11/P24/P147/P357,1
A265,P11/P24/P147/P357,1
A266,P11/P24/P357,1
A267,P11/P24/P295/P357/P398/P238/P303,1
A268,P11/P24/P80/P357/P320,1
A269,P11/P357/P10,1
A270,P11/P24/P357,12
A271,P11/P357,45
A272,P11/P357/P238,12
A273,P11/P357/P390,4
A274,P11/P24/P295/P357,1
A275,P11/P295/P398,1
A276,P11/P24/P10/P357/P238,1
A277,P11/P24/P147/P10/P19/P357/P238,1
A278,P11/P24/P147/P10/P357,1
A279,P11/P24/P357,4
A280,P357/P238,1
A281,P357/P24/P11/P238,45
A282,P11/P24/P238/P307,4
A283,P11/P280/P238/P307,1
A284,P357/P11/P238,4
A285,P11/P357/P238/P307,1
A286,P357/P11,1
A287,P11/P147/P10/P357/P238,1
A288,P11/P357/P24/P238,1
A289,P11/P10,1
A290,P11/P357/P238,1
A291,P11/P24/P10/P357/P169,1
A292,P11/P357/P19/P169,1
A293,P80/P391/P22/P322/P343/P396/P148,1
A294,P399/P324/P171/P123/P65,1
A295,P11/P74/P134/P266/P260/P235,1
A296,P253/P137/P254,1
A297,P49/P357/P134/P266/P392/P253/P22/P260/P65/P235/P377/P74/P399/P324/P171/P261/P11/P295/P254/P137/P123,1
A298,P377/P22,1
A299,P377/P11/P24/P143/P357/P343/P22/P242/P123,1
A300,P343/P22,4
A301,P168/P215/P143/P343/P323,1
A302,P22/P412,1
A303,P302/P298/P131,12
A304,P11/P357/P24/P295,1
A305,P351/P109/P129,1
A306,P11/P24/P295/P143/P357/P343/P298/P131/P129/P351/P109/P302/P323/P123/P65,1
A307,P351/P302/P298,1
A308,P254/P227/P343/P194/P403/P257,1
A309,P143/P254/P227/P343/P298/P131/P302/P194/P123/P403/P257,1
A310,P181/P227/P64/P52/P389/P307/P421/P198,45
A311,P307/P343/P227,4
A312,P253/P81/P285/P254/P70/P31/P137/P76/P368/P408/P309/P235,45
A313,P80/P254/P398/P259,1
A314,P22/P254,4
A315,P137/P194,4
A316,P227/P64/P35/P389/P421/P38,12
A317,P11/P24/P135/P357/P23,1
A318,P11/P24/P135/P80/P143/P280/P357/P343/P22/P192/P320/P298/P266/P323/P23,1
A319,P41/P386/P82,4
A320,P386/P261,12
A321,P336/P369/P42,1
A322,P80/P143/P22/P343/P320/P416/P425/P146,1
A323,P11/P24/P112/P265/P80/P143/P357/P387/P22/P416/P343/P407/P303/P425,1
A324,P377/P22/P387,1
A325,P80/P143/P280/P387/P22/P261,1
A326,P11/P80/P24/P317/P143/P357/P343/P238/P320,1
A327,P80/P20,1
A328,P377/P112/P373/P80/P225/P143/P280/P148/P259/P82/P397/P114/P261/P278,1
A329,P80/P42/P357/P320/P336/P88/P369/P156,1
A330,P11/P80/P24/P317/P357/P320/P88/P173/P156,1
A331,P391/P387/P242/P17/P146/P112/P321/P22/P322/P148/P69/P214/P143/P280/P259/P36/P261/P188/P80,1
A332,P100/P253/P74/P143/P254/P70/P29/P343/P383/P423/P137/P428/P408/P82/P153/P161/P392,1
A333,P336/P369/P42,1
A334,P112/P80/P215/P168/P280/P343/P387/P22/P320/P63/P307/P261,1
A335,P112/P80/P391/P143/P280/P343/P22/P387/P148/P259/P261,4
A336,P168/P357/P227/P387/P238/P307/P112/P181/P64/P22/P320/P63/P389/P323/P403/P421/P24/P143/P280/P52/P194/P259/P11/P80/P215/P254/P343/P257/P198,1
A337,P181/P227/P64/P52/P389/P307/P421/P198,1
A338,P391/P293/P387/P249/P242/P416/P112/P22/P245/P422/P164/P265/P183/P42/P280/P82/P300,1
A339,P80/P160/P43/P259/P273/P146,1
A340,P80/P143/P280/P22/P320,1
A341,P227/P80,1
A342,P11/P340/P215/P157/P254/P357/P227/P343/P177/P189/P194/P323/P286/P257/P115,1
A343,P340/P215/P157/P254/P227/P343/P177/P189/P194/P286/P257/P115,1
A344,P188/P80/P391/P112/P265/P143/P280/P183/P387/P22/P148/P214/P146,1
A345,P112/P80/P143/P387/P343/P22/P148/P425,1
A346,P357/P227/P134/P238/P307/P340/P112/P19/P157/P20/P347/P320/P60/P323/P425/P114/P95/P24/P143/P280/P189/P88/P194/P82/P36/P115/P11/P215/P80/P254/P343/P177/P239/P123/P286/P257,1
A347,P357/P387/P22/P383/P320/P377/P24/P265/P143/P280/P100/P169/P11/P80/P343,1
A348,P100/P11/P317/P80/P217/P37/P357/P109/P320/P171/P153/P65,1
A349,P11/P24/P80/P317/P143/P280/P357/P343/P387/P320,1
A350,P336/P42,45
A351,P112/P80/P143/P280/P148/P62,45
A352,P54/P112/P321/P80/P143/P280/P42/P22/P387,12
A353,P80/P280,200
A354,P21/P80/P143/P280,12
A355,P317/P80/P280,12
A356,P317/P80/P143/P280/P21/P86,12
A357,P11/P80/P24/P317/P143/P357/P343/P320,1
A358,P387/P42/P164,4
A359,P54/P112/P387/P42,4
A360,P259/P80,4
A361,P143/P280,4
A362,P86/P80/P280,12
A363,P80/P135,12
A364,P398/P311,1
A365,P336/P369/P42/P164,200
A366,P374/P280,45
A367,P112/P280,200
A368,P112/P80/P143/P280/P22/P214/P259,45
A369,P83/P280,12
A370,P424/P280,12
A371,P128/P280,12
A372,P297/P280,12
A373,P54/P112,200
A374,P307/P323,1
A375,P112/P80/P143/P133/P387/P343/P311/P148/P82/P259/P36/P261,4
A376,P112/P80/P188/P321/P143/P280/P22/P322/P387/P148/P17/P146/P214/P259/P300/P36/P261,1
A377,P112/P188/P391/P321/P143/P280/P22/P322/P242/P387/P148/P146/P214/P259/P36/P261,1
A378,P112/P80/P188/P391/P321/P143/P280/P22/P322/P148/P146/P214/P259/P36/P261,1
A379,P112/P80/P321/P143/P280/P22/P242/P148/P146/P214/P259/P36/P261,1
A380,P112/P80/P391/P143/P280/P22/P242/P148/P146/P214/P300/P36/P261,1
A381,P112/P80/P188/P391/P321/P143/P280/P22/P322/P242/P387/P148/P17/P146/P214/P259/P261,1
A382,P112/P80/P391/P321/P143/P280/P22/P322/P146/P214/P259/P261,1
A383,P112/P80/P391/P321/P143/P280/P22/P322/P242/P387/P148/P146/P214/P259/P300/P36/P261,1
A384,P391/P225/P387/P242/P392/P146/P112/P321/P22/P322/P320/P148/P214/P95/P143/P280/P259/P300/P36/P261/P80/P254,4
A385,P280/P29/P22/P82,1
A386,P112/P80/P321/P143/P280/P387/P148/P17/P146/P214/P259/P261,4
A387,P11/P143/P269/P357/P343/P320/P148/P239/P60/P422/P203/P201/P425/P198/P95,1
A388,P387/P192/P307/P112/P22/P246/P419/P193/P369/P164/P95/P143/P42/P259/P261/P278/P373/P80/P343/P336/P23/P257,1
A389,P225/P357/P134/P387/P266/P187/P153/P392/P253/P383/P63/P323/P422/P24/P10/P143/P280/P82/P169/P100/P11/P80/P254/P29/P343/P351/P137/P257,1
A390,P340/P11/P357/P189/P320,1
A391,P403/P80/P227,12
A392,P259/P181/P80,12
A393,P391/P398/P311/P261,4
A394,P80/P398/P311/P259/P261,1
A395,P259/P398,1
A396,P259/P261/P311,4
A397,P259/P398/P311/P412,1
A398,P259/P36/P82/P398,1
A399,P259/P398/P261,12
A400,P391/P143/P387/P22/P261/P43/P311/P82/P412/P259/P146,12
A401,P261/P311,4
A402,P261/P311,4
A403,P391/P143/P29/P387/P22/P261/P43/P311/P347/P82/P412/P259/P392/P146,1
A404,P261/P311,12
A405,P29/P43/P311/P347/P412/P259/P392/P261,12
A406,P261/P143,4
A407,P82/P261/P311,4
A408,P261/P311,4
A409,P143/P269/P239/P201/P198,12
A410,P357/P325/P173/P153/P20/P320/P403/P235/P377/P24/P143/P280/P88/P259/P36/P188/P80/P351/P239/P201/P257/P198,1
A411,P269/P357/P20/P320/P60/P425/P377/P143/P11/P80/P343/P239/P257/P198,1
A412,P239/P20/P280,4
A413,P80/P143/P343/P20/P320/P239,4
A414,P11/P24/P80/P357/P343/P20/P320/P239,1
A415,P325/P82,1
A416,P188/P329/P265/P387/P138/P154/P61/P231/P415/P318,4
A417,P188/P329/P265/P387/P343/P416/P138/P154/P61/P231/P415/P318,4
A418,P168/P225/P249/P387/P242/P187/P22/P229/P47/P74/P12/P280/P143/P204/P236/P82/P188/P417/P215/P80,1
A419,P387/P154,1
A420,P153/P387,1
A421,P188/P265/P331/P387/P245/P385/P61/P415/P318,45
A422,P297/P209/P128/P296/P91/P72/P68/P352/P192/P277/P181/P67/P208/P243/P148/P328/P327/P87/P114/P58/P312/P258/P46/P199/P143/P264/P349/P397/P278/P355/P39/P427/P158/P367/P116/P190/P93/P30/P109/P341/P342,1
A423,P297/P128/P296/P228/P91/P72/P241/P352/P192/P181/P67/P208/P243/P410/P103/P237/P148/P87/P114/P58/P312/P258/P46/P143/P280/P26/P264/P349/P338/P397/P278/P355/P39/P427/P158/P367/P116/P93/P109/P341/P342/P290,1
A424,P297/P128/P296/P228/P91/P72/P352/P192/P213/P174/P181/P67/P208/P243/P346/P410/P328/P87/P48/P114/P58/P376/P312/P258/P46/P199/P143/P26/P264/P349/P397/P278/P355/P39/P427/P158/P367/P116/P190/P109/P341/P342/P290,1
A425,P297/P128/P296/P91/P72/P352/P192/P181/P67/P208/P243/P346/P103/P237/P328/P240/P327/P87/P48/P105/P114/P312/P258/P46/P199/P143/P26/P264/P349/P397/P308/P278/P355/P39/P427/P367/P190/P116/P93/P30/P109/P341/P342/P290,1
A426,P297/P128/P296/P228/P91/P72/P241/P352/P192/P67/P346/P243/P103/P237/P148/P328/P327/P48/P105/P58/P114/P258/P46/P199/P143/P280/P26/P264/P338/P397/P278/P355/P39/P427/P367/P190/P116/P93/P30/P109/P341/P342/P290,1
A427,P297/P209/P128/P228/P133/P91/P72/P241/P313/P352/P192/P270/P243/P103/P237/P328/P327/P87/P58/P312/P258/P46/P143/P280/P264/P349/P338/P397/P278/P190/P39/P116/P30/P109/P341/P342/P290,1
A428,P297/P209/P128/P296/P228/P91/P72/P241/P352/P192/P174/P67/P346/P243/P410/P103/P237/P148/P328/P327/P114/P58/P312/P46/P199/P143/P280/P264/P338/P397/P278/P355/P39/P427/P158/P190/P116/P93/P30/P109/P341/P342/P290,1
A429,P297/P128/P228/P91/P72/P241/P352/P192/P67/P346/P243/P410/P103/P148/P328/P240/P327/P48/P114/P58/P46/P199/P143/P264/P338/P203/P397/P278/P363/P39/P190/P116/P109/P341/P342/P290,1
A430,P128/P296/P228/P91/P72/P352/P192/P213/P174/P67/P346/P243/P410/P103/P237/P328/P48/P114/P312/P258/P46/P199/P143/P280/P26/P349/P397/P355/P427/P190/P367/P116/P93/P30/P109/P341/P342/P290,1
A431,P297/P209/P296/P228/P91/P72/P241/P352/P192/P67/P208/P243/P346/P410/P103/P237/P148/P328/P327/P87/P48/P114/P258/P46/P199/P143/P280/P26/P264/P349/P338/P397/P278/P355/P427/P190/P367/P116/P93/P30/P109/P341/P342/P290,1
A432,P128/P296/P228/P91/P72/P352/P192/P181/P67/P208/P243/P346/P410/P103/P148/P328/P327/P48/P114/P58/P312/P258/P46/P199/P143/P26/P264/P349/P338/P397/P355/P39/P190/P158/P367/P116/P30/P109/P341/P290,1
A433,P297/P209/P128/P296/P228/P91/P72/P352/P192/P174/P181/P67/P208/P243/P103/P148/P328/P327/P48/P114/P58/P312/P199/P143/P280/P26/P264/P349/P397/P278/P355/P39/P427/P158/P367/P116/P190/P93/P30/P109/P341/P342/P290,1
A434,P297/P209/P128/P296/P228/P91/P72/P241/P352/P192/P111/P174/P67/P208/P243/P346/P237/P148/P328/P327/P87/P114/P58/P312/P258/P46/P199/P143/P26/P264/P349/P338/P397/P278/P355/P427/P363/P158/P116/P93/P109/P341/P342/P290,1
A435,P297/P112/P208/P143/P133/P192/P349/P328,45
A436,P343/P351/P323/P403/P291,4
A437,P297/P39/P128/P296/P258/P46/P143/P190/P352/P192/P109/P341/P328/P397/P114,45
A438,P39/P181/P243/P143/P72/P410/P352/P192/P109/P290/P114,12
A439,P181/P143/P72/P352/P237/P32,12
A440,P297/P112/P128/P280/P424,12
A441,P297/P228/P104/P352/P192/P92/P89/P237/P97/P48/P46/P143/P182/P261/P278/P355/P427/P158/P150/P162/P109/P56/P279,4
A442,P133/P44/P178/P181/P119/P148/P13/P240/P323/P48/P330/P143/P264/P182/P129/P212/P28/P216/P203/P282/P127/P172/P261/P155/P367/P80/P93/P343,4
A443,P15/P185/P259/P257,12
A444,P405/P261,12
A445,P181/P75/P299/P350/P115,12
A446,P399/P37/P420/P171/P123/P65,1
A447,P399/P37/P420/P206/P171/P123/P65,1
A448,P317/P399/P37/P324/P420/P237/P206/P171/P123/P65/P110,1
A449,P11/P399/P325/P383/P206/P171/P428/P153/P123/P100/P257,1
A450,P317/P399/P37/P324/P106/P420/P171/P123/P65,1
A451,P399/P37/P206/P171/P123/P65,1
A452,P80/P158/P399/P37/P72/P237/P171/P284/P123/P65,1
A453,P426/P399/P37/P143/P420/P171/P123/P65,1
A454,P317/P217/P399/P37/P44/P247/P324/P106/P109/P237/P148/P171/P123/P334/P65/P110,1
A455,P100/P37/P325/P383/P171/P153/P428/P123/P65,1
A456,P317/P217/P37/P324/P106/P206/P171/P123/P65/P110,1
A457,P37/P324/P206/P171/P106/P65/P123,4
A458,P357/P67/P37/P237/P320/P65/P376/P317/P143/P399/P171/P278/P11/P80/P373/P150/P343/P351/P123/P200,1
A459,P195/P96/P149/P37/P221/P364/P44/P123/P358/P191/P324/P206/P165/P140/P354/P65/P376,1
A460,P217/P37/P106/P171/P123/P65,12
A461,P317/P247/P324/P123,4
A462,P292/P362/P218/P304/P207/P420/P210/P345/P301/P196/P123/P401/P370/P326,4
A463,P171/P65/P399/P123,4
A464,P37/P72/P284/P123/P40/P110,4
A465,P399/P37/P420/P171/P123,1
A466,P284/P123,1
A467,P123/P171/P420/P37,1
A468,P65/P171/P37/P123,45
A469,P123/P284/P37,45
A470,P37/P123,200
A471,P237/P123,4
A472,P143/P123,4
A473,P22/P123,4
