Individual,Gender,Membership,President
P0,M,O119,N
P1,M,O119,N
P2,M,O119,N
P3,F,O119,N
P4,F,O121,N
P5,F,O31,N
P6,M,O121,N
P7,F,O4,N
P8,F,O66,N
P9,F,O10,N
P10,F,O28,N
P11,F,O28/O31,N
P12,F,O31,N
P13,M,O86,N
P14,M,O121,N
P15,F,O39,N
P16,M,O54,N
P17,F,O46,N
P18,M,O18,N
P19,M,O28,N
P20,F,O2,N
P21,M,O44,N
P22,M,O29/O46/O114,P
P23,M,O9,N
P24,M,O28,N
P25,M,O18,N
P26,M,O84/O39,N
P27,F,O28,N
P28,M,O64,N
P29,M,O30,N
P30,M,O101/O39,N
P31,F,O5,N
P32,F,O84,N
P33,M,O4,N
P34,M,O121,N
P35,M,O1/O111,N
P36,F,O46/O10/O29,N
P37,F,O16,N
P38,M,O111,N
P39,M,O56/O39,N
P40,M,O27,N
P41,F,O8,N
P42,M,O113,N
P43,F,O29,N
P44,M,O102,N
P45,M,O126,N
P46,M,O84/O39,N
P47,F,O31,N
P48,F,O84/O39,N
P49,F,O31,N
P50,M,O63,N
P51,M,O31,N
P52,M,O1,N
P53,M,O42,N
P54,M,O46,N
P55,M,O74,N
P56,M,O98,N
P57,M,O77,N
P58,F,O64/O39,N
P59,F,O10,N
P60,F,O10,N
P61,M,O125/O120/O124,N
P62,F,O46,N
P63,F,O31,N
P64,F,O111/O1,N
P65,M,O16,N
P66,F,O31,N
P67,M,O67/O39,N
P68,M,O52,N
P69,M,O46/O29,N
P70,F,O5,N
P71,F,O31,N
P72,F,O102/O39,N
P73,F,O65,N
P74,F,O31,N
P75,F,O117,N
P76,F,O5,N
P77,F,O59,N
P78,F,O107,N
P79,F,O31,N
P80,F,O46,N
P81,F,O5,N
P82,F,O31/O29,P
P83,F,O105,N
P84,F,O9,N
P85,M,O10,N
P86,M,O26,P
P87,F,O64/O39,N
P88,M,O112,N
P89,F,O91,N
P90,F,O91,N
P91,M,O62/O39,N
P92,F,O33/O51,N
P93,F,O64/O39,N
P94,M,O96,N
P95,F,O10,N
P96,F,O82,N
P97,F,O52,N
P98,F,O31,N
P99,M,O31,N
P100,M,O121,P
P101,F,O101,N
P102,M,O84,N
P103,F,O64/O39,N
P104,M,O92,N
P105,M,O99,N
P106,F,O16,N
P107,M,O4,N
P108,M,O65,N
P109,F,O64/O32/O39,N
P110,M,O16,N
P111,M,O56,N
P112,M,O46,N
P113,M,O121,N
P114,M,O86/O39,N
P115,M,O117,N
P116,M,O73/O39,N
P117,F,O31,N
P118,M,O42,N
P119,M,O64,N
P120,F,O43,N
P121,M,O49,N
P122,M,O85,N
P123,M,O16/O21,P
P124,M,O10/O106,N
P125,F,O97,N
P126,F,O65,N
P127,F,O4,P
P128,M,O39/O59,N
P129,F,O82/O9/O32,N
P130,M,O42,N
P131,F,O115,N
P132,F,O121,N
P133,F,O98,N
P134,F,O31,N
P135,F,O9,N
P136,F,O7,N
P137,F,O31/O5,N
P138,M,O122/O124,P
P139,M,O48,N
P140,M,O82,N
P141,F,O9/O1,N
P142,F,O121,N
P143,F,O46/O29/O2/O39,P
P144,F,O9/O10,N
P145,F,O101,N
P146,M,O46/O29,N
P147,F,O28,N
P148,M,O46/O39,N
P149,M,O82,N
P150,F,O86,N
P151,F,O9/O4,N
P152,F,O4,N
P153,M,O121,P
P154,M,O122/O124,N
P155,F,O13,N
P156,M,O112,N
P157,M,O9,N
P158,M,O51/O39,N
P159,M,O75,N
P160,F,O4,N
P161,M,O0,N
P162,F,O82,N
P163,F,O31,N
P164,M,O113,N
P165,M,O82,N
P166,M,O10,N
P167,M,O9,N
P168,M,O10,N
P169,M,O28,N
P170,M,O18,N
P171,M,O16,N
P172,M,O51,N
P173,F,O112,N
P174,M,O96/O9/O39,N
P175,M,O35,N
P176,F,O60,N
P177,M,O9/O4,N
P178,F,O91,N
P179,F,O37,N
P180,F,O31,N
P181,F,O80/O1/O117,P
P182,F,O86,N
P183,F,O125/O124,N
P184,F,O118,N
P185,F,O9,N
P186,F,O31,N
P187,F,O31,N
P188,F,O125/O122/O46/O124,N
P189,M,O10,N
P190,M,O102/O39,N
P191,M,O82/O4,N
P192,M,O62/O39,N
P193,M,O44,N
P194,M,O10,N
P195,M,O82,N
P196,M,O21,N
P197,M,O104,N
P198,M,O1/O2,N
P199,M,O76/O39,N
P200,M,O116/O32,N
P201,M,O2,N
P202,M,O31,N
P203,F,O92,N
P204,M,O31,N
P205,M,O18,N
P206,M,O16,N
P207,M,O21,N
P208,M,O64/O39,N
P209,M,O99/O4/O39,N
P210,M,O21,N
P211,M,O4,N
P212,M,O62,N
P213,M,O97,N
P214,M,O46,N
P215,F,O10/O7,N
P216,F,O15,N
P217,M,O16,N
P218,F,O21,N
P219,F,O53,N
P220,F,O31,N
P221,F,O82,N
P222,F,O43/O24,N
P223,M,O7,N
P224,M,O83,N
P225,M,O31,N
P226,F,O121,N
P227,F,O10/O9/O1/O111/O4,P
P228,M,O52/O39,N
P229,F,O31,N
P230,M,O68,N
P231,M,O122/O124,P
P232,F,O31,N
P233,F,O4,N
P234,M,O4,N
P235,F,O31/O5,N
P236,F,O31,P
P237,M,O82/O39,N
P238,M,O28,N
P239,M,O2,P
P240,M,O51,N
P241,M,O80/O39,N
P242,M,O113,N
P243,M,O70/O39,N
P244,F,O42,N
P245,M,O125/O124,N
P246,F,O110,N
P247,M,O16,N
P248,F,O19,N
P249,F,O120,N
P250,F,O112,N
P251,M,O121,N
P252,F,O108,N
P253,F,O31/O5,N
P254,F,O5,P
P255,F,O10,N
P256,F,O10,N
P257,F,O10/O7/O9,N
P258,F,O93/O39,N
P259,F,O29/O46,N
P260,F,O31,N
P261,F,O46/O29,P
P262,F,O7,N
P263,M,O9,N
P264,M,O70/O39,N
P265,M,O125/O122/O120/O124,N
P266,F,O31,N
P267,M,O10,N
P268,F,O10,N
P269,M,O2,N
P270,M,O86,N
P271,F,O67,N
P272,F,O47,N
P273,F,O9,N
P274,F,O23/O4,N
P275,F,O21,N
P276,M,O7,N
P277,M,O84,N
P278,M,O44/O64/O39,N
P279,F,O70,N
P280,F,O46/O39,N
P281,F,O40,N
P282,F,O12,N
P283,M,O98,N
P284,M,O16/O21,N
P285,F,O5,N
P286,M,O9/O4,N
P287,F,O31,N
P288,F,O41,N
P289,M,O31,P
P290,M,O64/O39,N
P291,M,O6/O9,P
P292,M,O21,N
P293,M,O113,N
P294,M,O126,N
P295,M,O28,N
P296,M,O90/O39,N
P297,M,O39/O69,N
P298,F,O115,P
P299,F,O117,N
P300,M,O46,N
P301,M,O21,N
P302,M,O115,N
P303,M,O28,N
P304,M,O21,N
P305,F,O7/O62,N
P306,F,O121,N
P307,F,O1,P
P308,F,O96,N
P309,F,O5,N
P310,F,O6,N
P311,F,O113,N
P312,F,O59/O39,N
P313,M,O90/O39,N
P314,M,O55,N
P315,F,O9,N
P316,M,O4,N
P317,M,O16,N
P318,M,O125/O122/O124,N
P319,M,O9,N
P320,M,O9,N
P321,M,O46,N
P322,M,O46,N
P323,M,O9/O32,P
P324,M,O16,N
P325,M,O126/O121,N
P326,M,O21,N
P327,M,O97/O39,N
P328,M,O78/O39/O37,N
P329,M,O122/O124,N
P330,M,O14,N
P331,M,O125/O124,N
P332,M,O31,N
P333,M,O38,N
P334,M,O16,N
P335,F,O58,N
P336,M,O113,N
P337,M,O50,N
P338,M,O79,N
P339,M,O32,N
P340,M,O4,N
P341,M,O94/O39,N
P342,M,O64/O39,N
P343,M,O10/O9,P
P344,M,O64,N
P345,M,O21,N
P346,M,O72/O39,N
P347,M,O30,N
P348,M,O25,N
P349,M,O95/O39,N
P350,M,O117,N
P351,M,O9/O32,P
P352,F,O98/O39,N
P353,M,O10,N
P354,M,O82,N
P355,M,O91/O39,N
P356,M,O61,N
P357,M,O28/O31,N
P358,M,O82,N
P359,M,O57,N
P360,F,O6,N
P361,F,O3,N
P362,M,O21,N
P363,M,O101,N
P364,M,O82,N
P365,F,O31,N
P366,F,O99,N
P367,F,O84/O39,N
P368,F,O31/O5,N
P369,M,O113,N
P370,M,O21,N
P371,F,O31,N
P372,M,O11,N
P373,F,O44,N
P374,F,O113,N
P375,F,O43,N
P376,F,O82,N
P377,F,O8,N
P378,F,O45/O24,N
P379,F,O31,N
P380,M,O4,N
P381,M,O87,N
P382,F,O89,N
P383,F,O121,N
P384,F,O100,N
P385,F,O125/O120/O124,N
P386,F,O8/O36,N
P387,F,O125/O122/O46/O29/O124,N
P388,F,O88,N
P389,F,O1/O111,P
P390,M,O28,N
P391,F,O46/O29,N
P392,M,O30,P
P393,F,O81,N
P394,F,O31,N
P395,F,O121,N
P396,M,O114,N
P397,M,O39/O71,N
P398,M,O29,N
P399,M,O16,N
P400,M,O65,N
P401,F,O21,N
P402,M,O121,N
P403,M,O10/O18/O22,P
P404,M,O119,N
P405,M,O34,N
P406,M,O65,N
P407,M,O28,N
P408,F,O5,N
P409,F,O123,N
P410,F,O70/O39,N
P411,F,O125/O124,N
P412,M,O29,N
P413,F,O7,N
P414,M,O109,N
P415,F,O125/O122/O124,N
P416,F,O122/O124,N
P417,F,O31,N
P418,M,O103,N
P419,F,O44,N
P420,F,O17,N
P421,M,O111/O1,N
P422,M,O113,N
P423,M,O0,P
P424,M,O39,N
P425,M,O10,N
P426,M,O17,N
P427,M,O92/O39,N
P428,M,O121,N
