Orga,Category
O0,Art
O1,Art
O2,Art
O3,Art
O4,Art
O5,Art
O6,Educational
O7,Educational
O8,Educational
O9,Educational
O10,Educational
O11,Educational
O12,Educational
O13,Educational
O14,Educational
O15,Educational
O16,Environmental-Protection
O17,Environmental-Protection
O18,Environmental-Protection
O19,Environmental-Protection
O21,Environmental-Protection
O22,Environmental-Protection
O23,Environmental-Protection
O24,Environmental-Protection
O25,Environmental-Protection
O26,Environmental-Protection
O27,Environmental-Protection
O28,Environmental-Protection
O29,Human Service
O30,Human Service
O31,Human Service
O32,Human Service
O33,Human Service
O34,Human Service
O35,Occupational
O36,Occupational
O37,Occupational
O38,Political
O39,Political
O40,Political
O41,Political
O42,Political
O43,Political
O44,Political
O45,Political
O46,Political
O47,Political
O48,Political
O49,Political
O50,Political
O51,Political
O52,Political
O53,Political
O54,Political
O55,Political
O56,Political
O57,Political
O58,Political
O59,Political
O60,Political
O61,Political
O62,Political
O63,Political
O64,Political
O65,Political
O66,Political
O67,Political
O68,Political
O69,Political
O70,Political
O71,Political
O72,Political
O73,Political
O74,Political
O75,Political
O76,Political
O77,Political
O78,Political
O79,Political
O80,Political
O81,Political
O82,Political
O83,Political
O84,Political
O85,Political
O86,Political
O87,Political
O88,Political
O89,Political
O90,Political
O91,Political
O92,Political
O93,Political
O94,Political
O95,Political
O96,Political
O97,Political
O98,Political
O99,Political
O100,Political
O101,Political
O102,Political
O103,Political
O104,Political
O105,Political
O106,Political
O107,Political
O108,Political
O109,Political
O110,Political
O111,Environmental-Protection
O112,Art
O113,Professional
O114,Recreational
O115,Recreational
O116,Recreational
O117,Recreational
O118,Sport
O119,Sport
O120,Sport
O121,Sport
O122,Sport
O123,Sport
O124,Sport
O125,Sport
O126,Sport
